original,simplificado,calidad_de_simplificacion
"El gato subió al tejado y se quedó ahí toda la tarde.","El felino doméstico ascendió con parsimonia hacia la superficie superior de la edificación residencial, estableciendo allí su morada temporal durante la totalidad del período vespertino, permaneciendo inmóvil en contemplación silenciosa.",0.1250
"María compró pan en la tienda.","María Eugenia procedió a adquirir mediante transacción comercial una porción de producto panificado en el establecimiento mercantil de expendio de víveres y abarrotes del vecindario.",0.0875
"El niño juega en el parque con su pelota.","El infante de corta edad se encuentra desarrollando actividades lúdicas recreativas en el espacio público destinado al esparcimiento comunitario, empleando para tal fin un objeto esférico de material sintético.",0.1500
"Ana lee un libro interesante.","Anastasia se encuentra absorta en la lectura minuciosa de una obra literaria de extraordinaria capacidad de cautivación intelectual y emocional.",0.2000
"Pedro camina por la calle.","Pedro deambula majestuosamente por la vía pública, desplazándose con cadencia rítmica sobre el pavimento urbano en una progresión pedestre de contemplación ciudadana.",0.1750
"Llueve mucho hoy.","Las precipitaciones pluviales se manifiestan con extraordinaria intensidad durante la presente jornada meteorológica, configurando un escenario atmosférico de notable abundancia hídrica.",0.1125
"El perro ladra fuerte.","El can doméstico emite sonoras vocalizaciones de naturaleza territorial con extraordinaria potencia acústica, manifestando así su presencia vigilante en el perímetro de su jurisdicción habitual.",0.0750
"Hace calor en verano.","Durante la estación estival, las temperaturas ambientales alcanzan magnitudes térmicas considerablemente elevadas, generando condiciones climáticas caracterizadas por una sensación calorífica intensa y persistente.",0.1875
"Los pájaros vuelan alto.","Las aves ejecutan desplazamientos aéreos a considerables altitudes atmosféricas, surcando los cielos con elegancia migratoria en una danza celestial de extraordinaria belleza ornitológica.",0.2125
"Elena estudia matemáticas.","Elena Cristina se dedica con esmero académico al estudio minucioso de las ciencias matemáticas, profundizando en los arcanos numéricos y algebraicos con dedicación intelectual ejemplar.",0.1625
"Carlos corre rápido.","Carlos se desplaza mediante locomoción pedestre acelerada, ejecutando una progresión atlética de notable velocidad y dinamismo corporal en su travesía territorial.",0.1375
"Sandra cocina pasta.","Sandra se encuentra elaborando con destreza culinaria una preparación gastronómica a base de productos farináceos de origen cerealístico mediante procesos de cocción en medio acuoso hirviente.",0.2250
"Roberto baila salsa.","Roberto ejecuta movimientos coreográficos característicos del género musical tropical denominado salsa, desplegando destreza rítmica y gracia corporal en una manifestación artística de extraordinario vigor cultural.",0.1000
"Diana lee el periódico.","Diana se encuentra absorta en la lectura meticulosa del diario matutino, escudriñando con atención las noticias de actualidad y acontecimientos contemporáneos de relevancia periodística.",0.2375
"Tomás duerme bien.","Tomás experimenta un estado de reposo nocturno de extraordinaria placidez, sumergiéndose en los brazos de Morfeo con una tranquilidad sublime que restaura plenamente sus energías vitales.",0.1250
"Luisa planta flores.","Luisa procede a la siembra meticulosa de especies florales ornamentales, disponiendo con esmero hortícola las semillas en el sustrato terroso para propiciar el florecimiento de un jardín de belleza excepcional.",0.1750
"Andrés escucha música.","Andrés se deleita con la percepción auditiva de composiciones melódicas y armónicas, sumergiéndose en un éxtasis sonoro de extraordinaria fruición estética y contemplación musical.",0.1500
"Beatriz compra verduras.","Beatriz procede a la adquisición comercial de productos hortícolas de naturaleza vegetal, seleccionando con criterio nutricional diversas especies comestibles del reino vegetal en el establecimiento de expendio alimentario.",0.2000
"Iván nada en la piscina.","Iván ejecuta movimientos natatorios en el receptáculo acuático artificial, desplazándose con destreza hidrodinámica en el medio líquido mediante técnicas de propulsión corporal de extraordinaria elegancia atlética.",0.1125
"Raquel pinta un cuadro.","Raquel se dedica a la creación artística pictórica mediante la aplicación cromática sobre lienzo, plasmando su visión estética en una obra de arte visual de extraordinaria expresividad plástica.",0.1875
"Gloria lee una revista.","Gloria se encuentra absorta en la lectura de una publicación periódica ilustrada, escudriñando con delectación intelectual los contenidos editoriales de actualidad y entretenimiento cultural.",0.2125
"Francisco corre en el parque.","Francisco ejecuta ejercicios cardiovasculares de locomoción acelerada en el espacio verde recreativo, desplegando actividad física de notable intensidad en el perímetro del área de esparcimiento comunitario.",0.1625
"Helena limpia la casa.","Helena procede a la higienización meticulosa del hogar, ejecutando labores de saneamiento doméstico con extraordinario esmero y dedicación en la purificación del ambiente habitacional.",0.1375
"Manuel juega fútbol.","Manuel se dedica a la práctica deportiva del balompié, ejecutando destrezas futbolísticas con extraordinaria pasión atlética en el terreno de juego reglamentario de la disciplina deportiva más popular del orbe.",0.1750
"Patricia cocina arroz.","Patricia se encuentra elaborando con maestría culinaria una preparación gastronómica a base del cereal gramíneo de origen asiático, aplicando técnicas de cocción tradicionales en la transformación del grano en alimento nutritivo.",0.2250
"Víctor lee un libro.","Víctor se encuentra sumergido en la lectura contemplativa de una obra literaria, escudriñando las páginas con fruición intelectual y delectación bibliófila en una experiencia de enriquecimiento cultural sublime.",0.1875
"Mónica baila tango.","Mónica ejecuta con extraordinaria gracia los movimientos coreográficos característicos del tango rioplatense, desplegando pasión dancística y elegancia corporal en esta expresión artística de profunda raigambre cultural sudamericana.",0.1500
"Diego planta un árbol.","Diego procede a la siembra ceremonial de un espécimen arbóreo, disponiendo la plántula en el sustrato terroso con esmero hortícola para propiciar el crecimiento de una entidad vegetal de magnificencia natural.",0.1625
"Cristina estudia historia.","Cristina se dedica al estudio minucioso de las ciencias históricas, profundizando en los acontecimientos pretéritos de la humanidad con extraordinaria dedicación académica y pasión intelectual por el devenir temporal.",0.1375
"Alejandro mira televisión.","Alejandro se encuentra absorto en la contemplación de programas televisivos, dirigiendo su atención visual hacia la pantalla del receptor audiovisual en una experiencia de entretenimiento doméstico de notable relajación.",0.2000
"Sofía compra zapatos.","Sofía procede a la adquisición comercial de calzado, seleccionando con criterio estético y funcional el atuendo podal más apropiado para sus necesidades de vestimenta y confort locomotor en el establecimiento especializado.",0.1750
"Javier pinta la pared.","Javier se dedica a la aplicación de pigmentos colorantes sobre la superficie mural, ejecutando labores de decoración cromática con extraordinario esmero artístico en la transformación estética del espacio habitacional.",0.1875
"Teresa cose un vestido.","Teresa se encuentra ejecutando labores de confección textil, aplicando técnicas de costura tradicional en la elaboración artesanal de una prenda vestimentaria femenina de extraordinaria elegancia y refinamiento estético.",0.2125
"Eduardo toca guitarra.","Eduardo ejecuta melodías musicales mediante la pulsación armónica de las cuerdas del instrumento cordófono, desplegando destreza técnica y sensibilidad artística en la producción de sonoridades de extraordinaria belleza musical.",0.1500
"Paloma lee poesía.","Paloma se deleita con la lectura contemplativa de composiciones líricas, sumergiéndose en la belleza estética de los versos con extraordinaria sensibilidad literaria y fruición poética sublime.",0.1750
"Germán conduce su auto.","Germán se encuentra al comando del vehículo automotor, dirigiendo con pericia la máquina de locomoción terrestre por las vías de tránsito urbano en una experiencia de movilidad contemporánea.",0.1625
"Inés prepara café.","Inés procede a la elaboración de la infusión cafeínica mediante técnicas tradicionales de preparación, transformando los granos tostados en una bebida aromática de extraordinaria cualidad gustativa y propiedades estimulantes.",0.2000
"Rubén lee noticias.","Rubén se encuentra absorto en la lectura de informaciones periodísticas contemporáneas, escudriñando los acontecimientos de actualidad con extraordinario interés cívico y curiosidad intelectual por los eventos del momento presente.",0.1875
"Sergio compra frutas.","Sergio procede a la adquisición comercial de productos frutícolas de variada naturaleza botánica, seleccionando con criterio nutricional diversos especímenes del reino vegetal de extraordinaria riqueza vitamínica en el establecimiento frutero.",0.1125
"Alicia riega las plantas.","Alicia procede al riego meticuloso de las especies vegetales ornamentales, proporcionando hidratación vital a los especímenes botánicos mediante la aplicación controlada del elemento hídrico esencial para su desarrollo florístico.",0.1375
"Daniela toca piano.","Daniela ejecuta composiciones musicales mediante la pulsación armónica de las teclas del instrumento de cuerda percutida, desplegando virtuosismo técnico y sensibilidad artística en la producción de melodías de extraordinaria belleza sonora.",0.1750
"Lorenzo estudia inglés.","Lorenzo se dedica al aprendizaje sistemático de la lengua anglosajona, profundizando en los aspectos gramaticales, lexicales y fonéticos del idioma foráneo con extraordinaria dedicación académica y pasión lingüística.",0.1625
"Carmen barre el suelo.","Carmen ejecuta labores de limpieza doméstica mediante el barrido meticuloso de la superficie del pavimento, eliminando impurezas y detritos con extraordinario esmero en la higienización del espacio habitacional.",0.1875
"Estela mira las estrellas.","Estela contempla con delectación astronómica la bóveda celeste nocturna, dirigiendo su mirada hacia los astros luminosos que constelación el firmamento en una experiencia de extraordinaria sublimidad cósmica.",0.1500
"Nicolás pasea al perro.","Nicolás procede al paseo recreativo del can doméstico, proporcionando ejercicio físico al animal de compañía mediante un recorrido pedestre por el vecindario en una actividad de esparcimiento interespecie.",0.2125
"Adriana compra libros.","Adriana procede a la adquisición bibliográfica en el establecimiento librero, seleccionando con criterio intelectual diversas obras literarias para enriquecer su acervo cultural y satisfacer su voracidad lectora mediante la compra de volúmenes editoriales.",0.1375
"Fernando riega el jardín.","Fernando procede al riego sistemático del espacio verde ornamental, proporcionando hidratación vital a las especies vegetales mediante la aplicación meticulosa del recurso hídrico esencial para el florecimiento del conjunto paisajístico.",0.1750
"Verónica prepara ensalada.","Verónica se encuentra elaborando una preparación gastronómica de naturaleza vegetal, combinando diversos ingredientes hortícolas frescos en una composición culinaria de extraordinaria riqueza nutricional y cualidades organolépticas.",0.1625
"Orlando toca violín.","Orlando ejecuta melodías musicales mediante el frotamiento armónico del arco sobre las cuerdas del instrumento cordófono, desplegando virtuosismo técnico y extraordinaria sensibilidad artística en la producción de sonoridades sublimes.",0.1875
"Claudia lee una carta.","Claudia se encuentra absorta en la lectura contemplativa de una misiva epistolar, escudriñando el contenido comunicativo con extraordinaria atención y delectación en la recepción del mensaje escrito de naturaleza personal.",0.2000
"Mauricio compra pan.","Mauricio procede a la adquisición comercial de productos panificados en el establecimiento de expendio alimentario, seleccionando especímenes de la panadería tradicional para satisfacer sus necesidades nutricionales cotidianas.",0.1500
"Antonia borda flores.","Antonia se dedica al arte del bordado floral, ejecutando con extraordinaria destreza manual la decoración textil mediante la aplicación de hilos cromáticos en representaciones botánicas de sublime belleza ornamental.",0.1375
"Guillermo saca fotos.","Guillermo se dedica a la captura fotográfica mediante el dispositivo de registro visual, inmortalizando momentos y escenarios mediante la técnica de impresión lumínica en una actividad de extraordinaria creatividad artística.",0.1750
"Esperanza canta canciones.","Esperanza ejecuta interpretaciones vocales de composiciones musicales, desplegando su talento lírico mediante la emisión melódica de extraordinaria belleza sonora en una manifestación artística de sublime expresividad vocal.",0.1625
"Ignacio limpia ventanas.","Ignacio procede a la higienización de las superficies vítreas translúcidas, ejecutando labores de limpieza cristalina con extraordinario esmero en la eliminación de impurezas para restaurar la transparencia lumínica del cerramiento fenestral.",0.1875
"Constanza prepara té.","Constanza procede a la elaboración de la infusión herbal mediante técnicas tradicionales de preparación, transformando las hojas seleccionadas en una bebida aromática de extraordinarias propiedades gustativas y cualidades terapéuticas.",0.2125
"La fisiopatología de la diabetes mellitus comprende mecanismos complejos de resistencia insulínica.","La diabetes es una enfermedad donde el cuerpo tiene problemas para usar el azúcar de manera normal.",0.5000
"Los algoritmos de machine learning procesan grandes volúmenes de datos para identificar patrones.","Los programas de computadora pueden encontrar patrones en mucha información para tomar decisiones.",0.5500
"La neuroplasticidad permite la reorganización sináptica en respuesta a estímulos ambientales.","El cerebro puede cambiar sus conexiones cuando aprende cosas nuevas del entorno.",0.6000
"Los procesos fotosintéticos convierten energía lumínica en compuestos orgánicos mediante reacciones bioquímicas.","Las plantas usan la luz del sol para hacer su propia comida a través de procesos químicos especiales.",0.5750
"La mecánica cuántica describe fenómenos subatómicos mediante principios probabilísticos fundamentales.","La física cuántica explica cómo se comportan las partículas muy pequeñas usando matemáticas de probabilidades.",0.6250
"Los ecosistemas marinos mantienen equilibrios complejos entre especies interdependientes.","Los océanos tienen un balance natural entre todos los animales y plantas que viven ahí.",0.5250
"La farmacogenómica personaliza tratamientos según variaciones genéticas individuales del paciente.","Los médicos pueden elegir medicinas especiales según los genes únicos de cada persona.",0.6500
"La nanotecnología manipula materia a escala molecular para aplicaciones industriales innovadoras.","La nanotecnología trabaja con cosas muy pequeñas para crear nuevos productos y tecnologías.",0.5875
"Los sistemas de inteligencia artificial distribuida coordinan múltiples agentes autónomos.","Muchos robots inteligentes pueden trabajar juntos para resolver problemas complicados.",0.6125
"La criptografía cuántica garantiza comunicaciones seguras mediante principios de mecánica cuántica.","La tecnología cuántica puede hacer comunicaciones que son imposibles de hackear usando física especial.",0.6750
"Los metamateriales poseen propiedades electromagnéticas no encontradas en materiales naturales.","Los metamateriales son materiales artificiales que pueden hacer cosas imposibles con materiales normales.",0.6000
"La neuroinformática analiza datos complejos para comprender mecanismos cerebrales.","Los científicos usan computadoras para entender mejor cómo funciona el cerebro.",0.5750
"La edición genética CRISPR permite modificaciones precisas del ADN.","CRISPR es una herramienta que puede cambiar genes de manera muy exacta.",0.6250
"Los sistemas de almacenamiento energético integran fuentes renovables intermitentes.","Las baterías grandes ayudan a usar energía solar y eólica cuando no hay sol o viento.",0.5875
"La computación molecular utiliza biomoléculas para procesamiento de información.","Se pueden usar moléculas de seres vivos como pequeñas computadoras.",0.6125
"La biología sintética diseña organismos modificados para propósitos específicos.","Los científicos pueden crear nuevos seres vivos que hagan trabajos útiles.",0.6750
"La agricultura de precisión optimiza cultivos mediante tecnologías avanzadas de monitoreo.","Los agricultores usan tecnología moderna para hacer crecer mejores plantas.",0.5750
"La fotónica integrada procesa información mediante manipulación de luz.","Se puede usar luz en lugar de electricidad para hacer computadoras más rápidas.",0.6250
"Los hidrogeles inteligentes responden adaptativamente a estímulos ambientales.","Hay materiales especiales que cambian cuando el ambiente alrededor cambia.",0.5875
"La computación cuántica topológica protege información mediante propiedades geométricas.","Un tipo especial de computadora cuántica usa formas matemáticas para proteger información.",0.6125
"Los bioplásticos ofrecen alternativas sostenibles a polímeros convencionales.","Se pueden hacer plásticos con plantas que son mejores para el medio ambiente.",0.5500
"La bioelectrónica integra componentes biológicos con sistemas electrónicos.","Se pueden mezclar partes de seres vivos con electrónica para hacer mejores dispositivos.",0.6000
"Los metamateriales acústicos controlan propagación de ondas sonoras.","Materiales especiales pueden dirigir el sonido de maneras muy precisas.",0.5750
"La agricultura vertical maximiza producción en espacios urbanos limitados.","Se pueden cultivar plantas en edificios altos para tener más comida en las ciudades.",0.6500
"Los robots blandos imitan flexibilidad de organismos biológicos.","Los robots flexibles son más seguros y pueden trabajar mejor con personas.",0.6250
"La medicina de precisión personaliza tratamientos según características individuales.","Los doctores pueden dar tratamientos especiales para cada persona según sus genes.",0.5875
"Los materiales autoreparables restauran integridad tras daños mecánicos.","Algunos materiales pueden arreglarse solos cuando se rompen.",0.6125
"La ingeniería metabólica optimiza rutas bioquímicas para producción industrial.","Se pueden modificar bacterias para que produzcan químicos útiles.",0.5500
"Los biosensores electroquímicos detectan moléculas específicas mediante reacciones biológicas.","Dispositivos especiales pueden encontrar sustancias peligrosas usando reacciones de seres vivos.",0.6000
"La terapia génica introduce material genético para tratar enfermedades.","Los médicos pueden curar enfermedades poniendo genes buenos en el cuerpo.",0.5750
"Los sistemas microelectromecánicos integran componentes en dispositivos microscópicos.","Se pueden hacer máquinas muy pequeñas que combinen partes mecánicas y electrónicas.",0.6500
"Los aerogeles combinan ligereza extrema con propiedades térmicas excepcionales.","Hay materiales súper ligeros que son excelentes para aislar el calor.",0.6250
"La optomecánica cuántica estudia interacciones entre luz y movimiento mecánico.","Los científicos estudian cómo la luz puede controlar el movimiento de objetos muy pequeños.",0.5875
"Los catalizadores de átomo único maximizan eficiencia en reacciones químicas.","Se pueden usar átomos individuales para hacer reacciones químicas más eficientes.",0.6125
"La biología de sistemas modela comportamientos emergentes de redes biológicas.","Los científicos usan computadoras para entender cómo funcionan sistemas complejos de la vida.",0.5500
"Los materiales termoeléctricos convierten calor directamente en electricidad.","Algunos materiales pueden convertir calor en electricidad sin partes móviles.",0.6000
"La ingeniería de sistemas biológicos diseña organismos con funcionalidades específicas.","Los científicos pueden programar seres vivos como si fueran máquinas.",0.5750
"Los hidrogeles biohíbridos incorporan componentes biológicos vivos.","Materiales especiales que incluyen células vivas para hacer trabajos específicos.",0.6500
"La espintrónica explota propiedades del espín electrónico para dispositivos.","Una nueva tecnología usa una propiedad especial de los electrones para hacer mejores dispositivos.",0.6250
"Los tejidos electrónicos integran componentes flexibles en textiles.","Se puede poner electrónica flexible en la ropa para hacerla inteligente.",0.5875
"La bioimpresión 3D construye tejidos mediante deposición celular.","Se pueden imprimir partes del cuerpo usando células vivas como tinta.",0.6125
"Los sistemas de energía híbrida combinan múltiples fuentes renovables.","Se pueden mezclar diferentes tipos de energía limpia para tener electricidad siempre.",0.5500
"Los cristales fotónicos controlan propagación lumínica mediante estructuras periódicas.","Materiales especiales con patrones pueden controlar cómo pasa la luz.",0.6000
"La nanomedicina utiliza nanosistemas para terapias dirigidas.","Se usan partículas muy pequeñas para llevar medicinas exactamente donde se necesitan.",0.5750
"Los sistemas de purificación avanzada eliminan contaminantes microscópicos del agua.","Tecnologías nuevas pueden limpiar el agua de gérmenes y químicos muy pequeños.",0.6500
"La robótica colaborativa desarrolla máquinas que trabajan seguramente con humanos.","Los robots colaborativos están diseñados para trabajar junto a las personas sin peligro.",0.6250
"Los sensores distribuidos monitorizan parámetros ambientales en tiempo real.","Redes de sensores pueden vigilar el medio ambiente constantemente en muchos lugares.",0.5875
"La biotecnología marina explora organismos oceánicos para aplicaciones industriales.","Los científicos estudian vida marina para crear nuevos productos útiles.",0.6125
"Los materiales programables cambian forma según estímulos externos.","Hay materiales que pueden cambiar su forma cuando reciben señales especiales.",0.5500
"La computación neuromórfica imita arquitecturas del cerebro en procesadores.","Se están haciendo computadoras que funcionan más como el cerebro humano.",0.6000
"Los sistemas de captura de carbono remueven CO2 atmosférico para almacenamiento.","Tecnologías especiales pueden quitar dióxido de carbono del aire y guardarlo.",0.5750
"La microfluídica manipula pequeños volúmenes de fluidos para análisis precisos.","Se pueden controlar gotas muy pequeñas de líquidos para hacer análisis exactos.",0.6500
"Los polímeros conductores combinan flexibilidad con propiedades eléctricas.","Plásticos especiales que pueden conducir electricidad como los metales.",0.6250
"La agricultura molecular produce compuestos farmacéuticos en plantas modificadas.","Se pueden hacer medicinas usando plantas modificadas genéticamente.",0.5875
"Los actuadores inteligentes responden adaptativamente a condiciones operacionales.","Dispositivos especiales que pueden cambiar su comportamiento según las condiciones.",0.6125
"La tecnología de membranas selectivas separa componentes específicos de mezclas.","Filtros especiales que pueden separar exactamente lo que se necesita de mezclas complejas.",0.5500
"Los sistemas de diagnóstico portátil permiten análisis médicos descentralizados.","Dispositivos pequeños pueden hacer análisis médicos en cualquier lugar.",0.6000
"La ingeniería de superficies modifica propiedades mediante tratamientos específicos.","Se pueden cambiar las propiedades de las superficies con tratamientos especiales.",0.5750
"Los biomateriales degradables se descomponen controladamente en el organismo.","Materiales médicos que se disuelven solos en el cuerpo después de cumplir su función.",0.6500
"La tecnología de plasma frío esteriliza sin daño térmico.","Una forma especial de esterilizar que no usa calor pero mata todos los gérmenes.",0.6250
"Los sistemas de monitoreo inteligente analizan datos en tiempo real.","Computadoras inteligentes que pueden analizar información al instante.",0.5875
"La bioeconomía utiliza recursos biológicos para producción sostenible.","Usar seres vivos y sus productos para hacer cosas de manera que cuide el ambiente.",0.6125
"Los materiales adaptativos modifican propiedades según demandas funcionales.","Materiales inteligentes que cambian sus características según lo que se necesite.",0.5500
"La tecnología de sensores vestibles monitoriza salud continuamente.","Dispositivos que se usan como ropa para vigilar la salud todo el tiempo.",0.6000
"Los procesos de manufactura aditiva construyen objetos capa por capa.","Impresión 3D que hace objetos construyéndolos una capa a la vez.",0.5750
"La ingeniería de proteínas diseña biomoléculas con funciones específicas.","Los científicos pueden diseñar proteínas especiales para hacer trabajos específicos.",0.6500
"Los sistemas de almacenamiento molecular preservan información en ADN.","Se puede usar ADN como un disco duro natural que dura miles de años.",0.6250
"La tecnología de campo eléctrico pulsado procesa alimentos sin calor.","Una forma de procesar comida usando electricidad en lugar de calor.",0.5875
"Los biosistemas artificiales imitan funciones de organismos vivos.","Sistemas hechos por humanos que funcionan como seres vivos.",0.6125
"La tecnología de separación magnética purifica materiales selectivamente.","Usar imanes especiales para separar exactamente los materiales que se necesitan.",0.5500
"La ingeniería de enzimas optimiza catalizadores biológicos para industria.","Mejorar las enzimas naturales para que trabajen mejor en fábricas.",0.5750
"Los materiales de interfaz neural conectan cerebro con dispositivos electrónicos.","Materiales especiales que pueden conectar el cerebro directamente con computadoras.",0.6500
"La tecnología de fluidos no newtonianos desarrolla materiales de protección.","Líquidos especiales que se vuelven duros cuando los golpean.",0.6250
"Los sistemas de purificación fotocatalítica descomponen contaminantes mediante luz.","Usar luz para activar materiales que descomponen contaminantes.",0.5875
"La biodetección molecular identifica patógenos mediante reconocimiento específico.","Detectar gérmenes peligrosos usando moléculas que los reconocen específicamente.",0.6125
"Los sistemas de administración controlada liberan fármacos gradualmente.","Sistemas que liberan medicinas lentamente en el cuerpo durante mucho tiempo.",0.5500
"Los materiales de memoria de forma recuperan configuraciones predeterminadas.","Materiales que pueden recordar su forma original y volver a ella.",0.5750
"La ingeniería de vacunas desarrolla inmunizaciones dirigidas específicamente.","Crear vacunas que protejan exactamente contra enfermedades específicas.",0.6500
"Los sistemas de captación de energía aprovechan movimientos ambientales.","Dispositivos que pueden generar electricidad de movimientos pequeños del ambiente.",0.6250
"La tecnología de encapsulación protege componentes activos selectivamente.","Cubrir sustancias importantes con capas protectoras especiales.",0.5875
"Los biosensores ópticos detectan cambios mediante señales luminosas.","Sensores que usan luz para detectar cambios químicos o biológicos.",0.6125
"La ingeniería de microorganismos modifica bacterias para aplicaciones específicas.","Cambiar bacterias para que hagan trabajos útiles para los humanos.",0.5500
"Los sistemas de filtración avanzada separan partículas microscópicas eficientemente.","Filtros súper avanzados que pueden separar partículas extremadamente pequeñas.",0.6000
"La tecnología de adhesión biomimética imita mecanismos naturales.","Pegamentos que funcionan como los que usan los animales en la naturaleza.",0.5750
"Los materiales de cambio de color responden a estímulos específicos.","Materiales que cambian de color cuando algo específico pasa a su alrededor.",0.6500
"La ingeniería de sistemas celulares programa comportamientos específicos.","Programar células como si fueran computadoras para que hagan trabajos específicos.",0.6250
"Los dispositivos de microfluídica procesan muestras en volúmenes mínimos.","Dispositivos que pueden trabajar con gotas de líquido extremadamente pequeñas.",0.5875
"La tecnología de síntesis dirigida produce compuestos específicos eficientemente.","Hacer químicos específicos de manera muy eficiente y controlada.",0.6125
"Los sistemas de reparación molecular corrigen daños a nivel atómico.","Sistemas que pueden reparar cosas que están rotas a nivel de átomos.",0.5500
"La fisiopatología de la diabetes mellitus tipo 2 involucra una compleja interacción entre la resistencia a la insulina en los tejidos periféricos, principalmente músculo esquelético y tejido adiposo, y la disfunción progresiva de las células beta pancreáticas, lo que resulta en una hiperglucemia crónica que puede conducir a complicaciones microvasculares y macrovasculares si no se maneja adecuadamente.","La diabetes tipo 2 es una enfermedad que ocurre cuando el cuerpo no puede usar bien la insulina. Esto hace que el azúcar en la sangre suba mucho. Si no se trata bien, puede causar problemas en los ojos, riñones y corazón.",0.8750
"La administración pública contemporánea requiere de mecanismos de transparencia, rendición de cuentas y participación ciudadana que permitan fortalecer la gobernanza democrática y la legitimidad institucional en el marco de un Estado de derecho que garantice el ejercicio pleno de los derechos fundamentales.","El gobierno de hoy debe ser transparente y permitir que los ciudadanos participen. Esto ayuda a tener una democracia más fuerte donde se respeten los derechos de todas las personas.",0.9125
"Los algoritmos de aprendizaje automático, particularmente las redes neuronales artificiales profundas, han demostrado capacidades extraordinarias en el procesamiento de patrones complejos en grandes volúmenes de datos, revolucionando campos como el reconocimiento de imágenes, procesamiento de lenguaje natural y sistemas de recomendación.","Los sistemas de inteligencia artificial pueden reconocer patrones en muchos datos. Esto ha mejorado mucho áreas como reconocer fotos, entender el lenguaje y recomendar contenido a los usuarios.",0.8500
"La neuroplasticidad cerebral, definida como la capacidad intrínseca del sistema nervioso central para reorganizar sus conexiones sinápticas y modificar su estructura en respuesta a la experiencia, constituye uno de los hallazgos más significativos de la neurociencia contemporánea, con implicaciones profundas para la rehabilitación neurológica y el aprendizaje.","El cerebro puede cambiar y crear nuevas conexiones cuando aprendemos cosas nuevas o después de una lesión. Este descubrimiento es muy importante para ayudar a las personas a recuperarse de problemas del cerebro.",0.9000
"El proceso de fotosíntesis comprende dos fases fundamentales: las reacciones lumínicas, que ocurren en los tilacoides de los cloroplastos y donde la energía luminosa se convierte en energía química mediante la síntesis de ATP y NADPH, y las reacciones oscuras o ciclo de Calvin, donde el CO2 se fija en compuestos orgánicos.","Las plantas hacen su propia comida usando la luz del sol. Primero, capturan la luz en unas partes especiales de sus hojas. Luego, usan esa energía para convertir el aire en azúcar que les sirve de alimento.",0.8875
"La teoría de la relatividad general de Einstein revolucionó nuestra comprensión del espacio-tiempo al proponer que la gravedad no es una fuerza sino una curvatura del espacio-tiempo causada por la presencia de masa y energía, prediciendo fenómenos como la dilatación temporal gravitacional y la deflexión de la luz.","Einstein descubrió que la gravedad no es una fuerza que atrae las cosas. En realidad, los objetos pesados doblan el espacio y el tiempo. Por eso los planetas giran alrededor del Sol y por eso el tiempo pasa más lento cerca de objetos muy pesados.",0.8625
"La biodiversidad representa la variabilidad de organismos vivos de cualquier fuente, incluidos los ecosistemas terrestres, marinos y otros ecosistemas acuáticos, así como los complejos ecológicos de los que forman parte, comprende la diversidad dentro de cada especie, entre las especies y de los ecosistemas.","La biodiversidad es toda la variedad de seres vivos que existen en la Tierra. Incluye animales, plantas y microorganismos que viven en la tierra, el mar y el agua dulce. También incluye las diferencias dentro de cada especie.",0.9250
"Los mecanismos epigenéticos, incluyendo la metilación del ADN, modificaciones de histonas y regulación por ARN no codificante, controlan la expresión génica sin alterar la secuencia de nucleótidos, proporcionando flexibilidad adaptativa y heredabilidad transgeneracional de características fenotípicas adquiridas.","Los genes pueden activarse o desactivarse sin cambiar el código genético básico. Esto permite que las células se adapten al ambiente y que algunos cambios se pasen de padres a hijos, incluso sin modificar el ADN directamente.",0.8750
"La arquitectura gótica, desarrollada en Europa occidental durante los siglos XII al XVI, se caracteriza por innovaciones estructurales como el arco apuntado, la bóveda de crucería y los arbotantes, que permitieron construcciones más altas y luminosas, ejemplificadas en catedrales como Notre-Dame de París y Chartres.","El estilo gótico fue una forma de construir iglesias y edificios en Europa hace muchos siglos. Usaban arcos puntiagudos y soportes especiales que permitían hacer construcciones muy altas con muchas ventanas grandes para que entrara más luz.",0.8500
"El cambio climático antropogénico, causado principalmente por las emisiones de gases de efecto invernadero derivadas de actividades humanas como la quema de combustibles fósiles, la deforestación y los procesos industriales, ha resultado en un calentamiento global promedio de aproximadamente 1.1°C desde la era preindustrial.","El cambio climático es causado principalmente por las actividades humanas. Cuando quemamos petróleo, gas y carbón, o cuando cortamos bosques, liberamos gases que calientan la Tierra. Por esto, la temperatura del planeta ha subido más de un grado.",0.9000
"La inmunología molecular estudia los mecanismos celulares y moleculares del sistema inmunitario, incluyendo la presentación de antígenos, la activación de linfocitos T y B, la producción de anticuerpos y las respuestas inmunitarias adaptativas e innatas, proporcionando bases para el desarrollo de vacunas y terapias inmunológicas.","La inmunología molecular estudia cómo funciona nuestro sistema de defensa del cuerpo. Explica cómo las células reconocen y atacan a los gérmenes, cómo se producen los anticuerpos y cómo el cuerpo recuerda las infecciones para defenderse mejor la próxima vez.",0.8375
"La mecánica cuántica describe el comportamiento de partículas subatómicas mediante principios fundamentales como el principio de incertidumbre de Heisenberg, la dualidad onda-partícula y la superposición cuántica, desafiando la intuición clásica y proporcionando la base teórica para tecnologías como los ordenadores cuánticos y la criptografía cuántica.","La mecánica cuántica explica cómo se comportan las partículas muy pequeñas, como los electrones. Estas partículas actúan de manera muy extraña: pueden estar en varios lugares a la vez y comportarse como ondas o como pelotas pequeñas. Esto sirve para crear nuevas tecnologías.",0.8125
"Los ecosistemas marinos profundos, caracterizados por ausencia de luz solar, presiones extremas y temperaturas frías, albergan comunidades biológicas únicas que dependen de la quimiosíntesis en lugar de la fotosíntesis, incluyendo organismos extremófilos adaptados a condiciones que desafían los límites conocidos de la vida.","En las partes más profundas del océano, donde no llega la luz del sol, viven seres muy especiales. No pueden usar la luz para hacer comida como las plantas, sino que usan químicos. Estos animales están adaptados a vivir con mucha presión y frío.",0.8750
"La farmacogenómica analiza cómo las variaciones genéticas individuales afectan las respuestas a los medicamentos, estudiando la relación entre polimorfismos del ADN y la eficacia, toxicidad y metabolismo de fármacos, con el objetivo de personalizar los tratamientos médicos según el perfil genético de cada paciente.","La farmacogenómica estudia cómo los genes de cada persona afectan la manera en que responde a los medicamentos. Algunas personas procesan las medicinas más rápido o más lento que otras. Esto ayuda a los médicos a elegir la dosis correcta para cada paciente.",0.8875
"La nanotecnología implica la manipulación de materia a escala atómica y molecular, típicamente entre 1 y 100 nanómetros, permitiendo el desarrollo de materiales con propiedades únicas como mayor resistencia, conductividad mejorada y reactividad química específica, con aplicaciones en medicina, electrónica y ciencia de materiales.","La nanotecnología trabaja con cosas extremadamente pequeñas, mil veces más pequeñas que el grosor de un cabello. A este tamaño, los materiales tienen propiedades especiales que permiten crear medicinas más efectivas, computadoras más rápidas y materiales más resistentes.",0.8500
"La biotecnología marina explora el potencial de organismos marinos para aplicaciones industriales, farmacéuticas y alimentarias, investigando enzimas termostables de bacterias de aguas profundas, compuestos bioactivos de esponjas y corales, y sistemas de bioluminiscencia para desarrollar nuevas tecnologías sostenibles.","La biotecnología marina estudia cómo usar los seres vivos del mar para crear productos útiles. Los científicos investigan bacterias del fondo del océano, sustancias de las esponjas y corales, y animales que brillan en la oscuridad para hacer nuevas medicinas y tecnologías.",0.8625
"Los sistemas de inteligencia artificial distribuida combinan múltiples agentes autónomos que cooperan para resolver problemas complejos mediante protocolos de comunicación, algoritmos de consenso y mecanismos de coordinación, aplicándose en robótica colaborativa, redes inteligentes y sistemas de control autónomo.","Los sistemas de inteligencia artificial distribuida usan muchos programas inteligentes que trabajan juntos. Cada programa puede tomar decisiones por sí mismo, pero se comunican entre ellos para resolver problemas difíciles. Esto se usa en robots que trabajan en equipo y redes inteligentes.",0.8250
"La criptografía cuántica utiliza principios de la mecánica cuántica, especialmente el entrelazamiento cuántico y el principio de no clonación, para garantizar comunicaciones absolutamente seguras, ya que cualquier intento de interceptación alteraría inevitablemente el estado cuántico de los fotones, revelando la presencia de espías.","La criptografía cuántica usa las leyes de la física para crear comunicaciones completamente seguras. Si alguien trata de espiar el mensaje, las partículas de luz se alteran automáticamente, lo que revela que hay un intruso. Esto hace imposible el espionaje sin ser detectado.",0.8750
"La bioingeniería regenerativa combina principios de ingeniería, biología celular y ciencia de materiales para desarrollar sustitutos biológicos que restauren, mantengan o mejoren la función de tejidos y órganos dañados, utilizando células madre, biomateriales biodegradables y factores de crecimiento en terapias innovadoras.","La bioingeniería regenerativa es una ciencia que ayuda a reparar partes dañadas del cuerpo. Usa células especiales que pueden convertirse en cualquier tipo de célula, materiales que el cuerpo puede absorber y sustancias que ayudan a crecer tejidos nuevos.",0.8500
"Los metamateriales son estructuras artificiales diseñadas con propiedades electromagnéticas no encontradas en materiales naturales, capaces de manipular ondas electromagnéticas de maneras inusuales, incluyendo índices de refracción negativos y capacidades de invisibilidad, con aplicaciones en antenas, sensores y dispositivos ópticos avanzados.","Los metamateriales son materiales artificiales que pueden controlar la luz y otras ondas de formas que no existen en la naturaleza. Pueden doblar la luz hacia atrás o incluso hacer que los objetos sean invisibles. Se usan para hacer antenas mejores y dispositivos ópticos especiales.",0.8375
"La neuroinformática integra métodos computacionales, matemáticos y estadísticos para analizar y modelar datos neurocientíficos complejos, desde señales eléctricas de neuronas individuales hasta patrones de conectividad cerebral a gran escala, facilitando la comprensión de mecanismos neurológicos y el desarrollo de interfaces cerebro-computadora.","La neuroinformática usa computadoras para entender mejor cómo funciona el cerebro. Analiza señales eléctricas de las neuronas y mapas de conexiones cerebrales. Esto ayuda a entender enfermedades del cerebro y a crear dispositivos que se controlan con el pensamiento.",0.8625
"La optogenética permite controlar la actividad neuronal específica mediante luz, utilizando proteínas fotosensibles genéticamente introducidas en neuronas diana, revolucionando la investigación neurocientífica al proporcionar precisión temporal y espacial sin precedentes para estudiar circuitos neurales y tratar trastornos neurológicos.","La optogenética es una técnica que permite controlar neuronas específicas del cerebro usando luz. Los científicos introducen proteínas especiales en las neuronas que responden a la luz. Esto permite estudiar con mucha precisión cómo funcionan los circuitos del cerebro y tratar enfermedades.",0.8750
"La edición genética mediante CRISPR-Cas9 utiliza un sistema de nucleasas programables derivado de la inmunidad bacteriana adaptativa para realizar modificaciones precisas en secuencias de ADN específicas, permitiendo correcciones genéticas terapéuticas, mejoramiento de cultivos y estudios funcionales de genes con una precisión sin precedentes.","CRISPR es una herramienta que permite editar genes con mucha precisión. Funciona como unas tijeras moleculares que pueden cortar y cambiar partes específicas del ADN. Esto sirve para corregir genes defectuosos, mejorar plantas y estudiar para qué sirve cada gen.",0.8875
"Los sistemas de almacenamiento de energía a gran escala, incluyendo baterías de ion-litio, almacenamiento por aire comprimido y baterías de flujo redox, son fundamentales para integrar fuentes renovables intermitentes en la red eléctrica, proporcionando estabilidad, respaldo y flexibilidad operacional.","Los sistemas de almacenamiento de energía son muy importantes para usar energía renovable como la solar y eólica. Como el sol y el viento no siempre están disponibles, necesitamos grandes baterías para guardar energía cuando sobra y usarla cuando hace falta.",0.8500
"La computación molecular utiliza moléculas biológicas como el ADN para realizar cálculos computacionales, aprovechando el paralelismo masivo inherente a los procesos bioquímicos para resolver problemas computacionalmente intensivos como la optimización combinatoria y el modelado de sistemas complejos.","La computación molecular usa moléculas como el ADN para hacer cálculos. Como hay billones de moléculas trabajando al mismo tiempo, puede resolver problemas muy difíciles mucho más rápido que las computadoras normales. Es especialmente útil para problemas muy complejos.",0.8250
"La biología sintética diseña y construye nuevos sistemas biológicos o rediseña sistemas naturales existentes para propósitos útiles, combinando ingeniería, biología molecular y bioinformática para crear organismos modificados capaces de producir medicamentos, biocombustibles y materiales innovadores de manera sostenible.","La biología sintética crea nuevos seres vivos o modifica los que ya existen para que sean útiles. Los científicos diseñan bacterias que pueden producir medicinas, combustibles limpios o materiales especiales. Es como programar células vivas para que hagan lo que queremos.",0.8625
"Los materiales de cambio de fase almacenan y liberan energía térmica durante transiciones entre estados sólido y líquido, proporcionando regulación térmica pasiva en edificios, gestión térmica en electrónica y almacenamiento de energía solar, mejorando la eficiencia energética sin sistemas activos complejos.","Los materiales de cambio de fase pueden guardar y liberar calor cuando se derriten o se solidifican. Esto sirve para mantener temperaturas estables en edificios sin usar mucha energía, enfriar computadoras y guardar calor del sol para usarlo después.",0.8375
"La ingeniería de tejidos combina células vivas, materiales de soporte biodegradables y señales bioquímicas para desarrollar sustitutos funcionales de tejidos y órganos dañados, utilizando biorreactores para simular condiciones fisiológicas y promover el crecimiento tisular adecuado para aplicaciones terapéuticas.","La ingeniería de tejidos crea partes del cuerpo nuevas para reemplazar las que están dañadas. Usa células vivas, materiales especiales que el cuerpo puede absorber y sustancias que ayudan a las células a crecer. Se hace en laboratorios especiales que imitan las condiciones del cuerpo.",0.8750
"La agricultura de precisión utiliza tecnologías avanzadas como GPS, sensores remotos, drones y análisis de datos para optimizar el manejo de cultivos, aplicando insumos de manera variable según las necesidades específicas de cada zona del campo, reduciendo costos y impacto ambiental mientras maximiza rendimientos.","La agricultura de precisión usa tecnología moderna para cultivar mejor. Con GPS, sensores y drones, los agricultores pueden saber exactamente qué necesita cada parte del campo. Esto permite usar menos fertilizantes y pesticidas, cuidar el ambiente y obtener mejores cosechas.",0.8500
"Los sensores biomédicos implantables monitorizan continuamente parámetros fisiológicos como glucosa, presión arterial y actividad cardiaca, transmitiendo datos inalámbricamente a dispositivos externos para permitir diagnósticos tempranos, ajustes terapéuticos personalizados y prevención de complicaciones médicas.","Los sensores biomédicos implantables son pequeños dispositivos que se ponen dentro del cuerpo para vigilar la salud constantemente. Pueden medir el azúcar en la sangre, la presión y los latidos del corazón. Envían esta información a los médicos para detectar problemas temprano.",0.8625
"La fotónica integrada desarrolla circuitos ópticos en chips semiconductores para manipular luz como los circuitos electrónicos manipulan electrones, permitiendo procesamiento óptico de alta velocidad, comunicaciones de banda ancha y sensores ultrasensibles con consumo energético reducido y miniaturización extrema.","La fotónica integrada pone circuitos que usan luz en chips pequeños, como se hace con la electricidad. Esto permite procesar información mucho más rápido, tener internet súper rápido y hacer sensores muy sensibles, todo usando menos energía y en espacios muy pequeños.",0.8250
"Los hidrogeles inteligentes responden a estímulos externos como temperatura, pH o campos eléctricos cambiando sus propiedades físicas, aplicándose en liberación controlada de fármacos, actuadores blandos, sensores biomédicos y ingeniería de tejidos, imitando la capacidad adaptativa de los sistemas biológicos.","Los hidrogeles inteligentes son materiales que cambian cuando algo en su ambiente cambia, como la temperatura o la acidez. Se pueden usar para liberar medicinas lentamente en el cuerpo, hacer músculos artificiales o sensores que detectan enfermedades.",0.8500
"La computación cuántica topológica protege información cuántica utilizando anyones no-abelianos en sistemas bidimensionales, proporcionando resistencia intrínseca a errores mediante propiedades topológicas que permanecen invariantes bajo deformaciones continuas, prometiendo computación cuántica escalable y tolerante a fallos.","La computación cuántica topológica es una forma especial de hacer computadoras cuánticas que son naturalmente resistentes a errores. Usa propiedades especiales de la forma del espacio para proteger la información, lo que podría permitir construir computadoras cuánticas más grandes y confiables.",0.8125
"Los bioplásticos derivados de fuentes renovables como almidón, celulosa y ácido poliláctico ofrecen alternativas sostenibles a los plásticos convencionales, siendo biodegradables o compostables bajo condiciones específicas, reduciendo la dependencia de combustibles fósiles y mitigando la contaminación por microplásticos.","Los bioplásticos se hacen con plantas en lugar de petróleo. Se pueden descomponer naturalmente en el ambiente, lo que ayuda a reducir la basura plástica. Se hacen con materiales como almidón de maíz o fibra de plantas, siendo más amigables con el ambiente.",0.8375
"La bioelectrónica combina componentes biológicos y electrónicos para crear dispositivos híbridos que interfieren mínimamente con sistemas vivos, desarrollando implantes neuronales flexibles, prótesis biointegradas y sistemas de monitoreo continuo que se adaptan dinámicamente a los cambios fisiológicos del organismo.","La bioelectrónica mezcla partes biológicas con electrónica para hacer dispositivos que funcionan bien dentro del cuerpo. Crea implantes flexibles para el cerebro, prótesis que se integran mejor y dispositivos que vigilan la salud sin molestar al cuerpo.",0.8250
"Los metamateriales acústicos manipulan ondas sonoras mediante estructuras periódicas diseñadas, creando propiedades como índices de refracción negativos, invisibilidad acústica y absorción perfecta de sonido, con aplicaciones en control de ruido, transductores ultrasónicos y dispositivos de focalización acústica.","Los metamateriales acústicos son estructuras especiales que pueden controlar el sonido de maneras inusuales. Pueden hacer que los objetos sean invisibles al sonido, absorber ruido completamente o dirigir ondas sonoras con mucha precisión. Se usan para controlar ruido y mejorar ultrasonidos.",0.8125
"La agricultura vertical utiliza sistemas de cultivo en capas apiladas con iluminación LED controlada, hidroponía y automatización para maximizar producción en espacios urbanos limitados, reduciendo uso de agua, pesticidas y distancias de transporte mientras proporciona alimentos frescos durante todo el año.","La agricultura vertical cultiva plantas en edificios altos usando luces especiales en lugar del sol. Las plantas crecen en torres con agua y nutrientes, sin tierra. Esto permite producir más comida en menos espacio, usar menos agua y tener alimentos frescos todo el año en las ciudades.",0.8500
"Los robots blandos imitan la flexibilidad y adaptabilidad de organismos biológicos usando materiales deformables, actuadores neumáticos y sensores integrados, permitiendo interacciones seguras con humanos, navegación en espacios confinados y manipulación delicada de objetos frágiles sin causar daños.","Los robots blandos están hechos de materiales flexibles como los seres vivos. Pueden doblarse y adaptarse a diferentes formas sin lastimar a las personas. Son perfectos para trabajar con humanos, moverse en espacios pequeños y manejar cosas delicadas sin romperlas.",0.8375
"La medicina de precisión utiliza información genómica, proteómica y metabolómica individual para personalizar tratamientos médicos, identificando biomarcadores específicos que predicen respuestas terapéuticas y efectos adversos, optimizando eficacia clínica mientras minimiza toxicidad mediante terapias dirigidas molecularmente.","La medicina de precisión personaliza los tratamientos médicos según los genes y características únicas de cada persona. Analiza información biológica detallada para predecir qué medicamentos funcionarán mejor y cuáles podrían causar efectos secundarios, haciendo los tratamientos más efectivos y seguros.",0.8625
"Los materiales autoreparables incorporan mecanismos de curación autónoma inspirados en sistemas biológicos, utilizando microcápsulas con agentes reparadores, redes poliméricas reversibles o bacterias productoras de calcita para restaurar automáticamente la integridad estructural tras daños mecánicos sin intervención externa.","Los materiales autoreparables pueden arreglarse solos cuando se dañan, como lo hace la piel cuando se corta. Tienen sistemas especiales dentro que detectan el daño y lo reparan automáticamente. Esto se usa para hacer edificios, carreteras y aviones que duran más tiempo.",0.8500
"La ingeniería metabólica rediseña rutas bioquímicas celulares para optimizar la producción de compuestos de interés, modificando genéticamente microorganismos para sintetizar medicamentos, biocombustibles, aminoácidos y vitaminas mediante fermentación industrial escalable y sostenible.","La ingeniería metabólica cambia las rutas químicas dentro de las células para que produzcan sustancias útiles. Los científicos modifican bacterias y levaduras para que fabriquen medicinas, combustibles limpios y vitaminas de manera más eficiente y económica.",0.8250
"Los biosensores electroquímicos detectan moléculas específicas mediante reacciones bioquímicas que generan señales eléctricas medibles, utilizando enzimas, anticuerpos o ácidos nucleicos como elementos de reconocimiento para monitorear glucosa, contaminantes ambientales y patógenos con alta especificidad y sensibilidad.","Los biosensores electroquímicos detectan sustancias específicas convirtiendo reacciones biológicas en señales eléctricas. Usan proteínas especiales que reconocen moléculas particulares, como azúcar en la sangre o gérmenes peligrosos, y las convierten en señales que se pueden medir fácilmente.",0.8375
"La terapia génica introduce material genético funcional en células diana para tratar enfermedades hereditarias, cáncer y trastornos adquiridos, utilizando vectores virales modificados, nanopartículas o métodos físicos para entregar genes terapéuticos que corrijan defectos genéticos o proporcionen nuevas funciones celulares.","La terapia génica trata enfermedades introduciendo genes sanos en las células del paciente. Usa virus modificados o pequeñas partículas para llevar estos genes buenos a donde se necesitan, corrigiendo problemas genéticos o dando nuevas capacidades a las células para combatir enfermedades.",0.8500
"Los sistemas microelectromecánicos integran componentes mecánicos y electrónicos en dispositivos microscópicos, fabricados mediante técnicas de microfabricación para crear sensores de presión, acelerómetros, giróscopos y actuadores miniaturizados utilizados en automóviles, teléfonos inteligentes y dispositivos médicos implantables.","Los sistemas microelectromecánicos son dispositivos muy pequeños que combinan partes mecánicas y electrónicas. Se usan en teléfonos celulares para detectar movimiento, en carros para activar bolsas de aire y en dispositivos médicos para medir presión dentro del cuerpo.",0.8250
"Los aerogeles son materiales ultraligeros con porosidad extrema y propiedades térmicas excepcionales, utilizados como aislantes en aplicaciones aeroespaciales, filtros de alta eficiencia y soportes catalíticos, combinando baja densidad con resistencia mecánica y transparencia óptica según su composición.","Los aerogeles son materiales súper ligeros llenos de burbujas microscópicas de aire. Son excelentes aislantes térmicos y se usan en naves espaciales, filtros especiales y como soportes para catalizadores. A pesar de ser muy livianos, pueden ser sorprendentemente fuertes.",0.8375
"Los catalizadores heterogéneos de átomo único maximizan la utilización de metales preciosos dispersando átomos metálicos individuales en soportes, proporcionando sitios activos aislados con propiedades catalíticas únicas para reacciones de reducción de CO2, producción de hidrógeno y síntesis selectiva de productos químicos.","Los catalizadores de átomo único usan átomos metálicos individuales dispersos en superficies para hacer reacciones químicas más eficientes. Esto permite usar menos metales caros como el platino y crear mejores catalizadores para producir combustibles limpios y químicos importantes.",0.8375
"La biología de sistemas integra datos ómicos multidimensionales para construir modelos computacionales que predicen comportamientos emergentes de redes biológicas complejas, facilitando el descubrimiento de dianas terapéuticas, la comprensión de enfermedades y el diseño racional de intervenciones médicas personalizadas.","La biología de sistemas estudia cómo funcionan los seres vivos analizando toda su información biológica con computadoras. Esto ayuda a entender enfermedades complejas, encontrar nuevos medicamentos y diseñar tratamientos personalizados para cada paciente según sus características únicas.",0.8500
"Los materiales termoeléctricos convierten directamente calor en electricidad y viceversa mediante el efecto Seebeck y Peltier, optimizados a través de ingeniería de nanoestructuras para mejorar el factor de mérito termoeléctrico, aplicándose en generación de energía a partir de calor residual y refrigeración sólida.","Los materiales termoeléctricos pueden convertir calor directamente en electricidad o usar electricidad para enfriar cosas. Se están mejorando con nanotecnología para ser más eficientes. Se usan para generar energía del calor que se desperdicia y para hacer refrigeradores sin partes móviles.",0.8250
"La ingeniería de sistemas biológicos aplica principios de ingeniería para diseñar y construir sistemas biológicos nuevos o modificar existentes, integrando modelado matemático, control automático y síntesis de circuitos genéticos para crear organismos con funcionalidades específicas en aplicaciones biotecnológicas.","La ingeniería de sistemas biológicos diseña seres vivos como si fueran máquinas, aplicando principios de ingeniería. Los científicos crean circuitos genéticos que funcionan como circuitos electrónicos, pero dentro de células, para hacer organismos que produzcan sustancias útiles o realicen tareas específicas.",0.8125
"Los hidrogeles biohíbridos incorporan componentes biológicos vivos como células, enzimas y biomoléculas en matrices poliméricas hidratadas, creando materiales adaptativos que responden dinámicamente a estímulos biológicos para aplicaciones en ingeniería de tejidos, biosensores y sistemas de liberación controlada.","Los hidrogeles biohíbridos son materiales que combinan polímeros con células o proteínas vivas. Pueden cambiar sus propiedades cuando detectan cambios biológicos, lo que los hace útiles para crear tejidos artificiales, sensores que detectan enfermedades y sistemas que liberan medicinas cuando se necesitan.",0.8375
"La espintrónica explota el espín electrónico además de la carga para procesamiento y almacenamiento de información, desarrollando dispositivos como memorias magnéticas no volátiles, transistores de espín y sensores magnéticos ultrasensibles que operan con menor consumo energético y mayor velocidad que dispositivos electrónicos convencionales.","La espintrónica usa una propiedad especial de los electrones llamada espín, además de su carga eléctrica, para hacer dispositivos más eficientes. Esto permite crear memorias que no pierden información cuando se apaga la electricidad y sensores magnéticos muy sensibles que usan menos energía.",0.8250
"Los tejidos electrónicos integran componentes electrónicos flexibles en fibras textiles para crear prendas inteligentes que monitorizan signos vitales, proporcionan estimulación terapéutica y facilitan interfaces humano-máquina, manteniendo comodidad, lavabilidad y durabilidad del textil convencional.","Los tejidos electrónicos ponen componentes electrónicos flexibles dentro de la ropa para hacerla inteligente. Pueden medir los latidos del corazón, dar masajes terapéuticos o permitir controlar dispositivos con gestos, pero siguen siendo cómodos de usar y se pueden lavar normalmente.",0.8500
"La bioimpresión 3D deposita células vivas, biomateriales y factores de crecimiento capa por capa para construir tejidos y órganos funcionales, utilizando biotintas biocompatibles y condiciones estériles para mantener viabilidad celular durante el proceso de fabricación aditiva biológica.","La bioimpresión 3D construye tejidos y órganos vivos imprimiendo células como si fueran tinta. Las impresoras especiales depositan células vivas capa por capa junto con materiales que las ayudan a crecer, manteniendo todo estéril para que las células sobrevivan y formen tejidos funcionales.",0.8375
"Los sistemas de energía híbrida combinan múltiples fuentes renovables con almacenamiento para proporcionar suministro eléctrico confiable, integrando energía solar, eólica e hidráulica con baterías y supercondensadores mediante sistemas de gestión inteligente que optimizan eficiencia y estabilidad de la red.","Los sistemas de energía híbrida mezclan diferentes fuentes de energía renovable como el sol, viento y agua con baterías para tener electricidad confiable todo el tiempo. Computadoras inteligentes deciden qué fuente usar y cuándo guardar energía para cuando no hay sol o viento.",0.8250
"Los cristales fotónicos controlan la propagación de luz mediante estructuras periódicas con variaciones del índice de refracción, creando bandas prohibidas fotónicas que impiden ciertos longitudes de onda, aplicándose en guías de onda, láseres de bajo umbral y dispositivos de conmutación óptica ultrarrápida.","Los cristales fotónicos son materiales con patrones regulares que controlan cómo pasa la luz a través de ellos. Pueden bloquear ciertos colores de luz mientras permiten que otros pasen, lo que se usa para hacer láseres más eficientes y switches ópticos súper rápidos para telecomunicaciones.",0.8125